node,operating_date,hour_ending,da_lmp,rt_lmp
SPRNGFLD_1_SOLAR,2025-07-01,1,29.97,27.9
SPRNGFLD_1_SOLAR,2025-07-01,2,31.48,54.33
SPRNGFLD_1_SOLAR,2025-07-01,3,22.66,19.15
SPRNGFLD_1_SOLAR,2025-07-01,4,40.79,52.3
SPRNGFLD_1_SOLAR,2025-07-01,5,20.31,28.45
SPRNGFLD_1_SOLAR,2025-07-01,6,20.37,13.38
SPRNGFLD_1_SOLAR,2025-07-01,7,48.63,19.93
SPRNGFLD_1_SOLAR,2025-07-01,8,19.13,10.7
SPRNGFLD_1_SOLAR,2025-07-01,9,29.81,34.52
SPRNGFLD_1_SOLAR,2025-07-01,10,31.38,10.2
SPRNGFLD_1_SOLAR,2025-07-01,11,51.64,48.25
SPRNGFLD_1_SOLAR,2025-07-01,12,16.69,-4.68
SPRNGFLD_1_SOLAR,2025-07-01,13,1.39,3.05
SPRNGFLD_1_SOLAR,2025-07-01,14,-13.77,-8.13
SPRNGFLD_1_SOLAR,2025-07-01,15,-0.02,-4.4
SPRNGFLD_1_SOLAR,2025-07-01,16,-0.04,27.74
SPRNGFLD_1_SOLAR,2025-07-01,17,79.6,63.73
SPRNGFLD_1_SOLAR,2025-07-01,18,104.68,86.37
SPRNGFLD_1_SOLAR,2025-07-01,19,86.27,56.87
SPRNGFLD_1_SOLAR,2025-07-01,20,40.15,43.1
SPRNGFLD_1_SOLAR,2025-07-01,21,43.86,46.43
SPRNGFLD_1_SOLAR,2025-07-01,22,33.61,29.09
SPRNGFLD_1_SOLAR,2025-07-01,23,17.26,6.46
SPRNGFLD_1_SOLAR,2025-07-01,24,29.47,45.33
SPRNGFLD_1_SOLAR,2025-07-02,1,28.44,1.99
SPRNGFLD_1_SOLAR,2025-07-02,2,28.24,22.46
SPRNGFLD_1_SOLAR,2025-07-02,3,18.23,27.41
SPRNGFLD_1_SOLAR,2025-07-02,4,35.31,49.28
SPRNGFLD_1_SOLAR,2025-07-02,5,16.61,11.97
SPRNGFLD_1_SOLAR,2025-07-02,6,28.31,42.94
SPRNGFLD_1_SOLAR,2025-07-02,7,37.81,35.03
SPRNGFLD_1_SOLAR,2025-07-02,8,28.4,10.46
SPRNGFLD_1_SOLAR,2025-07-02,9,57.19,77.53
SPRNGFLD_1_SOLAR,2025-07-02,10,43.92,58.97
SPRNGFLD_1_SOLAR,2025-07-02,11,24.04,14.36
SPRNGFLD_1_SOLAR,2025-07-02,12,24.03,47.1
SPRNGFLD_1_SOLAR,2025-07-02,13,14.1,37.57
SPRNGFLD_1_SOLAR,2025-07-02,14,-50.49,-38.16
SPRNGFLD_1_SOLAR,2025-07-02,15,17.18,12.69
SPRNGFLD_1_SOLAR,2025-07-02,16,17.29,-12.52
SPRNGFLD_1_SOLAR,2025-07-02,17,73.41,78.77
SPRNGFLD_1_SOLAR,2025-07-02,18,124.34,116.57
SPRNGFLD_1_SOLAR,2025-07-02,19,55.75,48.22
SPRNGFLD_1_SOLAR,2025-07-02,20,107.46,112.39
SPRNGFLD_1_SOLAR,2025-07-02,21,28.64,36.34
SPRNGFLD_1_SOLAR,2025-07-02,22,36.16,50.69
SPRNGFLD_1_SOLAR,2025-07-02,23,26.58,21.67
SPRNGFLD_1_SOLAR,2025-07-02,24,30.29,8.34
SPRNGFLD_1_SOLAR,2025-07-03,1,27.96,31.88
SPRNGFLD_1_SOLAR,2025-07-03,2,25.05,21.53
SPRNGFLD_1_SOLAR,2025-07-03,3,10.85,4.54
SPRNGFLD_1_SOLAR,2025-07-03,4,21.57,9.54
SPRNGFLD_1_SOLAR,2025-07-03,5,23.39,29.45
SPRNGFLD_1_SOLAR,2025-07-03,6,43.86,46.48
SPRNGFLD_1_SOLAR,2025-07-03,7,48.86,47.74
SPRNGFLD_1_SOLAR,2025-07-03,8,16.22,15.82
SPRNGFLD_1_SOLAR,2025-07-03,9,45.9,82.85
SPRNGFLD_1_SOLAR,2025-07-03,10,42.11,46.63
SPRNGFLD_1_SOLAR,2025-07-03,11,-63.37,-46.23
SPRNGFLD_1_SOLAR,2025-07-03,12,-24.18,-37.82
SPRNGFLD_1_SOLAR,2025-07-03,13,-68.04,-59.24
SPRNGFLD_1_SOLAR,2025-07-03,14,-59.81,-68.3
SPRNGFLD_1_SOLAR,2025-07-03,15,-50.07,-73.33
SPRNGFLD_1_SOLAR,2025-07-03,16,16.71,0.78
SPRNGFLD_1_SOLAR,2025-07-03,17,94.21,80.42
SPRNGFLD_1_SOLAR,2025-07-03,18,126.5,114.75
SPRNGFLD_1_SOLAR,2025-07-03,19,70.34,82.54
SPRNGFLD_1_SOLAR,2025-07-03,20,43.07,46.48
SPRNGFLD_1_SOLAR,2025-07-03,21,50.69,26.58
SPRNGFLD_1_SOLAR,2025-07-03,22,37.22,41.12
SPRNGFLD_1_SOLAR,2025-07-03,23,44.38,25.83
SPRNGFLD_1_SOLAR,2025-07-03,24,19.15,26.98
SPRNGFLD_1_SOLAR,2025-07-04,1,27.97,31.73
SPRNGFLD_1_SOLAR,2025-07-04,2,28.46,18.26
SPRNGFLD_1_SOLAR,2025-07-04,3,27.32,31.72
SPRNGFLD_1_SOLAR,2025-07-04,4,17.86,45.85
SPRNGFLD_1_SOLAR,2025-07-04,5,29.74,11.87
SPRNGFLD_1_SOLAR,2025-07-04,6,31.57,16.95
SPRNGFLD_1_SOLAR,2025-07-04,7,56.81,74.19
SPRNGFLD_1_SOLAR,2025-07-04,8,32.69,47.14
SPRNGFLD_1_SOLAR,2025-07-04,9,51.19,63.52
SPRNGFLD_1_SOLAR,2025-07-04,10,73.45,69.77
SPRNGFLD_1_SOLAR,2025-07-04,11,-3.84,-17.18
SPRNGFLD_1_SOLAR,2025-07-04,12,-5.4,-6.56
SPRNGFLD_1_SOLAR,2025-07-04,13,23.53,27.68
SPRNGFLD_1_SOLAR,2025-07-04,14,35.68,35.88
SPRNGFLD_1_SOLAR,2025-07-04,15,51.34,47.37
SPRNGFLD_1_SOLAR,2025-07-04,16,83.0,92.39
SPRNGFLD_1_SOLAR,2025-07-04,17,54.29,38.23
SPRNGFLD_1_SOLAR,2025-07-04,18,94.47,91.12
SPRNGFLD_1_SOLAR,2025-07-04,19,101.42,108.52
SPRNGFLD_1_SOLAR,2025-07-04,20,77.82,65.12
SPRNGFLD_1_SOLAR,2025-07-04,21,16.82,10.12
SPRNGFLD_1_SOLAR,2025-07-04,22,45.28,48.49
SPRNGFLD_1_SOLAR,2025-07-04,23,20.05,22.65
SPRNGFLD_1_SOLAR,2025-07-04,24,39.62,26.36
SPRNGFLD_1_SOLAR,2025-07-05,1,18.58,19.45
SPRNGFLD_1_SOLAR,2025-07-05,2,9.5,14.87
SPRNGFLD_1_SOLAR,2025-07-05,3,21.43,37.68
SPRNGFLD_1_SOLAR,2025-07-05,4,24.88,4.21
SPRNGFLD_1_SOLAR,2025-07-05,5,10.94,18.67
SPRNGFLD_1_SOLAR,2025-07-05,6,21.1,28.83
SPRNGFLD_1_SOLAR,2025-07-05,7,71.95,80.51
SPRNGFLD_1_SOLAR,2025-07-05,8,43.42,57.73
SPRNGFLD_1_SOLAR,2025-07-05,9,38.34,33.61
SPRNGFLD_1_SOLAR,2025-07-05,10,39.47,27.88
SPRNGFLD_1_SOLAR,2025-07-05,11,6.36,-0.92
SPRNGFLD_1_SOLAR,2025-07-05,12,11.93,46.65
SPRNGFLD_1_SOLAR,2025-07-05,13,-22.18,-11.89
SPRNGFLD_1_SOLAR,2025-07-05,14,-17.72,-24.8
SPRNGFLD_1_SOLAR,2025-07-05,15,29.56,30.52
SPRNGFLD_1_SOLAR,2025-07-05,16,-8.36,-19.09
SPRNGFLD_1_SOLAR,2025-07-05,17,70.27,59.31
SPRNGFLD_1_SOLAR,2025-07-05,18,60.55,61.23
SPRNGFLD_1_SOLAR,2025-07-05,19,457.2,466.71
SPRNGFLD_1_SOLAR,2025-07-05,20,13.47,16.27
SPRNGFLD_1_SOLAR,2025-07-05,21,18.94,31.73
SPRNGFLD_1_SOLAR,2025-07-05,22,17.84,16.12
SPRNGFLD_1_SOLAR,2025-07-05,23,28.74,41.73
SPRNGFLD_1_SOLAR,2025-07-05,24,14.42,9.4
SPRNGFLD_1_SOLAR,2025-07-06,1,14.18,4.38
SPRNGFLD_1_SOLAR,2025-07-06,2,29.86,35.93
SPRNGFLD_1_SOLAR,2025-07-06,3,8.67,22.44
SPRNGFLD_1_SOLAR,2025-07-06,4,32.36,47.85
SPRNGFLD_1_SOLAR,2025-07-06,5,6.86,-0.4
SPRNGFLD_1_SOLAR,2025-07-06,6,26.37,15.75
SPRNGFLD_1_SOLAR,2025-07-06,7,36.16,47.78
SPRNGFLD_1_SOLAR,2025-07-06,8,21.77,20.88
SPRNGFLD_1_SOLAR,2025-07-06,9,-2.53,-17.9
SPRNGFLD_1_SOLAR,2025-07-06,10,28.85,10.13
SPRNGFLD_1_SOLAR,2025-07-06,11,-68.6,-75.2
SPRNGFLD_1_SOLAR,2025-07-06,12,-11.17,-32.71
SPRNGFLD_1_SOLAR,2025-07-06,13,-39.8,-54.52
SPRNGFLD_1_SOLAR,2025-07-06,14,-36.02,-45.02
SPRNGFLD_1_SOLAR,2025-07-06,15,-47.71,-46.01
SPRNGFLD_1_SOLAR,2025-07-06,16,22.09,45.88
SPRNGFLD_1_SOLAR,2025-07-06,17,30.01,62.01
SPRNGFLD_1_SOLAR,2025-07-06,18,15.01,12.73
SPRNGFLD_1_SOLAR,2025-07-06,19,68.35,72.56
SPRNGFLD_1_SOLAR,2025-07-06,20,42.92,39.8
SPRNGFLD_1_SOLAR,2025-07-06,21,20.36,11.52
SPRNGFLD_1_SOLAR,2025-07-06,22,31.64,37.0
SPRNGFLD_1_SOLAR,2025-07-06,23,18.68,32.17
SPRNGFLD_1_SOLAR,2025-07-06,24,27.08,39.27
SPRNGFLD_1_SOLAR,2025-07-07,1,31.3,18.87
SPRNGFLD_1_SOLAR,2025-07-07,2,19.4,30.61
SPRNGFLD_1_SOLAR,2025-07-07,3,31.1,30.79
SPRNGFLD_1_SOLAR,2025-07-07,4,26.17,45.33
SPRNGFLD_1_SOLAR,2025-07-07,5,19.08,27.29
SPRNGFLD_1_SOLAR,2025-07-07,6,22.98,19.71
SPRNGFLD_1_SOLAR,2025-07-07,7,61.48,73.86
SPRNGFLD_1_SOLAR,2025-07-07,8,57.2,76.78
SPRNGFLD_1_SOLAR,2025-07-07,9,45.32,55.55
SPRNGFLD_1_SOLAR,2025-07-07,10,40.35,45.21
SPRNGFLD_1_SOLAR,2025-07-07,11,11.75,13.2
SPRNGFLD_1_SOLAR,2025-07-07,12,29.88,17.61
SPRNGFLD_1_SOLAR,2025-07-07,13,67.31,52.22
SPRNGFLD_1_SOLAR,2025-07-07,14,-15.35,2.02
SPRNGFLD_1_SOLAR,2025-07-07,15,34.79,44.15
SPRNGFLD_1_SOLAR,2025-07-07,16,30.71,30.53
SPRNGFLD_1_SOLAR,2025-07-07,17,53.08,54.22
SPRNGFLD_1_SOLAR,2025-07-07,18,59.69,74.32
SPRNGFLD_1_SOLAR,2025-07-07,19,75.59,63.21
SPRNGFLD_1_SOLAR,2025-07-07,20,70.36,76.55
SPRNGFLD_1_SOLAR,2025-07-07,21,28.24,15.91
SPRNGFLD_1_SOLAR,2025-07-07,22,37.92,41.59
SPRNGFLD_1_SOLAR,2025-07-07,23,28.92,21.85
SPRNGFLD_1_SOLAR,2025-07-07,24,37.78,16.06
BURNS_1_BESS,2025-07-01,1,10.93,0.15
BURNS_1_BESS,2025-07-01,2,22.87,27.53
BURNS_1_BESS,2025-07-01,3,39.75,52.61
BURNS_1_BESS,2025-07-01,4,23.4,23.11
BURNS_1_BESS,2025-07-01,5,14.97,14.69
BURNS_1_BESS,2025-07-01,6,22.11,26.95
BURNS_1_BESS,2025-07-01,7,32.59,40.38
BURNS_1_BESS,2025-07-01,8,67.99,66.36
BURNS_1_BESS,2025-07-01,9,51.03,61.38
BURNS_1_BESS,2025-07-01,10,38.98,42.34
BURNS_1_BESS,2025-07-01,11,15.31,16.78
BURNS_1_BESS,2025-07-01,12,-4.33,-3.96
BURNS_1_BESS,2025-07-01,13,27.45,49.22
BURNS_1_BESS,2025-07-01,14,38.98,71.28
BURNS_1_BESS,2025-07-01,15,-4.18,8.9
BURNS_1_BESS,2025-07-01,16,19.58,52.43
BURNS_1_BESS,2025-07-01,17,55.75,43.15
BURNS_1_BESS,2025-07-01,18,62.02,30.16
BURNS_1_BESS,2025-07-01,19,64.23,52.84
BURNS_1_BESS,2025-07-01,20,84.51,89.64
BURNS_1_BESS,2025-07-01,21,57.51,71.77
BURNS_1_BESS,2025-07-01,22,28.08,14.6
BURNS_1_BESS,2025-07-01,23,40.9,21.1
BURNS_1_BESS,2025-07-01,24,56.98,74.67
BURNS_1_BESS,2025-07-02,1,20.31,-5.39
BURNS_1_BESS,2025-07-02,2,38.54,36.82
BURNS_1_BESS,2025-07-02,3,37.38,13.46
BURNS_1_BESS,2025-07-02,4,19.01,19.09
BURNS_1_BESS,2025-07-02,5,25.47,18.72
BURNS_1_BESS,2025-07-02,6,31.23,15.22
BURNS_1_BESS,2025-07-02,7,42.86,44.66
BURNS_1_BESS,2025-07-02,8,52.72,63.39
BURNS_1_BESS,2025-07-02,9,28.13,5.12
BURNS_1_BESS,2025-07-02,10,64.17,69.15
BURNS_1_BESS,2025-07-02,11,-3.71,19.56
BURNS_1_BESS,2025-07-02,12,17.89,35.58
BURNS_1_BESS,2025-07-02,13,16.69,47.6
BURNS_1_BESS,2025-07-02,14,58.88,55.15
BURNS_1_BESS,2025-07-02,15,39.29,48.97
BURNS_1_BESS,2025-07-02,16,49.22,34.75
BURNS_1_BESS,2025-07-02,17,100.58,116.46
BURNS_1_BESS,2025-07-02,18,27.24,9.49
BURNS_1_BESS,2025-07-02,19,18.82,14.78
BURNS_1_BESS,2025-07-02,20,101.53,124.07
BURNS_1_BESS,2025-07-02,21,35.89,60.32
BURNS_1_BESS,2025-07-02,22,18.44,-7.11
BURNS_1_BESS,2025-07-02,23,34.33,40.09
BURNS_1_BESS,2025-07-02,24,34.61,3.6
BURNS_1_BESS,2025-07-03,1,24.11,4.54
BURNS_1_BESS,2025-07-03,2,31.7,37.2
BURNS_1_BESS,2025-07-03,3,15.6,7.89
BURNS_1_BESS,2025-07-03,4,14.41,13.47
BURNS_1_BESS,2025-07-03,5,34.55,19.76
BURNS_1_BESS,2025-07-03,6,30.04,22.09
BURNS_1_BESS,2025-07-03,7,33.11,31.5
BURNS_1_BESS,2025-07-03,8,29.47,21.17
BURNS_1_BESS,2025-07-03,9,27.03,56.5
BURNS_1_BESS,2025-07-03,10,45.53,35.03
BURNS_1_BESS,2025-07-03,11,-42.25,-45.56
BURNS_1_BESS,2025-07-03,12,-24.85,-32.81
BURNS_1_BESS,2025-07-03,13,-45.5,-80.03
BURNS_1_BESS,2025-07-03,14,-12.66,12.01
BURNS_1_BESS,2025-07-03,15,-28.47,-23.8
BURNS_1_BESS,2025-07-03,16,91.97,108.76
BURNS_1_BESS,2025-07-03,17,76.16,61.83
BURNS_1_BESS,2025-07-03,18,31.81,34.86
BURNS_1_BESS,2025-07-03,19,57.31,35.98
BURNS_1_BESS,2025-07-03,20,60.6,44.38
BURNS_1_BESS,2025-07-03,21,55.25,68.47
BURNS_1_BESS,2025-07-03,22,34.9,57.1
BURNS_1_BESS,2025-07-03,23,35.93,23.01
BURNS_1_BESS,2025-07-03,24,53.28,61.36
BURNS_1_BESS,2025-07-04,1,14.63,11.77
BURNS_1_BESS,2025-07-04,2,16.24,-4.5
BURNS_1_BESS,2025-07-04,3,34.26,62.9
BURNS_1_BESS,2025-07-04,4,11.01,19.45
BURNS_1_BESS,2025-07-04,5,18.49,11.18
BURNS_1_BESS,2025-07-04,6,19.08,6.12
BURNS_1_BESS,2025-07-04,7,45.73,33.27
BURNS_1_BESS,2025-07-04,8,49.06,48.31
BURNS_1_BESS,2025-07-04,9,41.42,27.81
BURNS_1_BESS,2025-07-04,10,36.35,47.68
BURNS_1_BESS,2025-07-04,11,27.52,12.86
BURNS_1_BESS,2025-07-04,12,17.48,28.75
BURNS_1_BESS,2025-07-04,13,-26.74,-18.59
BURNS_1_BESS,2025-07-04,14,-1.57,6.99
BURNS_1_BESS,2025-07-04,15,-4.08,-31.15
BURNS_1_BESS,2025-07-04,16,-25.69,-24.97
BURNS_1_BESS,2025-07-04,17,87.79,74.23
BURNS_1_BESS,2025-07-04,18,99.16,74.24
BURNS_1_BESS,2025-07-04,19,78.02,59.85
BURNS_1_BESS,2025-07-04,20,60.44,61.15
BURNS_1_BESS,2025-07-04,21,24.68,18.91
BURNS_1_BESS,2025-07-04,22,47.08,38.43
BURNS_1_BESS,2025-07-04,23,45.03,28.08
BURNS_1_BESS,2025-07-04,24,41.36,62.98
BURNS_1_BESS,2025-07-05,1,0.2,-11.75
BURNS_1_BESS,2025-07-05,2,21.54,18.49
BURNS_1_BESS,2025-07-05,3,20.1,11.04
BURNS_1_BESS,2025-07-05,4,18.11,15.77
BURNS_1_BESS,2025-07-05,5,25.67,29.49
BURNS_1_BESS,2025-07-05,6,19.86,13.68
BURNS_1_BESS,2025-07-05,7,26.38,19.89
BURNS_1_BESS,2025-07-05,8,35.64,29.33
BURNS_1_BESS,2025-07-05,9,34.54,65.67
BURNS_1_BESS,2025-07-05,10,40.65,35.76
BURNS_1_BESS,2025-07-05,11,31.52,25.4
BURNS_1_BESS,2025-07-05,12,-25.17,-40.29
BURNS_1_BESS,2025-07-05,13,-22.24,-27.51
BURNS_1_BESS,2025-07-05,14,10.82,35.97
BURNS_1_BESS,2025-07-05,15,16.22,12.93
BURNS_1_BESS,2025-07-05,16,25.01,-8.16
BURNS_1_BESS,2025-07-05,17,60.95,72.51
BURNS_1_BESS,2025-07-05,18,24.95,42.11
BURNS_1_BESS,2025-07-05,19,329.24,338.73
BURNS_1_BESS,2025-07-05,20,103.68,106.41
BURNS_1_BESS,2025-07-05,21,26.59,19.7
BURNS_1_BESS,2025-07-05,22,17.36,29.82
BURNS_1_BESS,2025-07-05,23,17.31,18.38
BURNS_1_BESS,2025-07-05,24,20.49,27.67
BURNS_1_BESS,2025-07-06,1,19.84,35.4
BURNS_1_BESS,2025-07-06,2,13.93,9.88
BURNS_1_BESS,2025-07-06,3,10.65,3.99
BURNS_1_BESS,2025-07-06,4,20.14,31.49
BURNS_1_BESS,2025-07-06,5,11.04,24.08
BURNS_1_BESS,2025-07-06,6,26.99,33.19
BURNS_1_BESS,2025-07-06,7,51.21,39.6
BURNS_1_BESS,2025-07-06,8,18.43,-8.25
BURNS_1_BESS,2025-07-06,9,47.21,57.03
BURNS_1_BESS,2025-07-06,10,30.92,35.12
BURNS_1_BESS,2025-07-06,11,8.92,10.86
BURNS_1_BESS,2025-07-06,12,-25.48,-18.26
BURNS_1_BESS,2025-07-06,13,-55.81,-48.74
BURNS_1_BESS,2025-07-06,14,-13.09,10.81
BURNS_1_BESS,2025-07-06,15,-59.79,-61.68
BURNS_1_BESS,2025-07-06,16,11.48,27.89
BURNS_1_BESS,2025-07-06,17,20.46,43.4
BURNS_1_BESS,2025-07-06,18,52.68,46.28
BURNS_1_BESS,2025-07-06,19,34.75,9.93
BURNS_1_BESS,2025-07-06,20,73.29,74.39
BURNS_1_BESS,2025-07-06,21,13.66,-5.77
BURNS_1_BESS,2025-07-06,22,21.68,46.72
BURNS_1_BESS,2025-07-06,23,22.32,-0.23
BURNS_1_BESS,2025-07-06,24,22.44,18.35
BURNS_1_BESS,2025-07-07,1,-1.97,-2.78
BURNS_1_BESS,2025-07-07,2,22.69,33.13
BURNS_1_BESS,2025-07-07,3,43.49,60.39
BURNS_1_BESS,2025-07-07,4,22.31,5.71
BURNS_1_BESS,2025-07-07,5,50.73,51.62
BURNS_1_BESS,2025-07-07,6,25.14,24.78
BURNS_1_BESS,2025-07-07,7,47.97,45.8
BURNS_1_BESS,2025-07-07,8,36.4,28.2
BURNS_1_BESS,2025-07-07,9,44.51,36.36
BURNS_1_BESS,2025-07-07,10,34.31,35.91
BURNS_1_BESS,2025-07-07,11,8.63,31.19
BURNS_1_BESS,2025-07-07,12,-51.27,-34.9
BURNS_1_BESS,2025-07-07,13,46.15,15.05
BURNS_1_BESS,2025-07-07,14,6.43,0.86
BURNS_1_BESS,2025-07-07,15,-20.19,-31.86
BURNS_1_BESS,2025-07-07,16,-12.76,13.52
BURNS_1_BESS,2025-07-07,17,108.07,127.14
BURNS_1_BESS,2025-07-07,18,101.65,84.71
BURNS_1_BESS,2025-07-07,19,64.26,71.6
BURNS_1_BESS,2025-07-07,20,43.34,54.03
BURNS_1_BESS,2025-07-07,21,32.12,26.5
BURNS_1_BESS,2025-07-07,22,43.53,50.19
BURNS_1_BESS,2025-07-07,23,30.67,48.06
BURNS_1_BESS,2025-07-07,24,22.03,31.27
SHELBY_2_HYBRD,2025-07-01,1,30.93,26.29
SHELBY_2_HYBRD,2025-07-01,2,28.26,9.49
SHELBY_2_HYBRD,2025-07-01,3,34.24,31.47
SHELBY_2_HYBRD,2025-07-01,4,19.77,35.51
SHELBY_2_HYBRD,2025-07-01,5,17.96,-3.17
SHELBY_2_HYBRD,2025-07-01,6,9.43,18.52
SHELBY_2_HYBRD,2025-07-01,7,25.79,52.11
SHELBY_2_HYBRD,2025-07-01,8,13.77,39.22
SHELBY_2_HYBRD,2025-07-01,9,48.17,46.72
SHELBY_2_HYBRD,2025-07-01,10,36.83,42.82
SHELBY_2_HYBRD,2025-07-01,11,14.06,30.61
SHELBY_2_HYBRD,2025-07-01,12,17.86,20.11
SHELBY_2_HYBRD,2025-07-01,13,5.91,5.06
SHELBY_2_HYBRD,2025-07-01,14,22.7,-2.95
SHELBY_2_HYBRD,2025-07-01,15,-18.7,-7.55
SHELBY_2_HYBRD,2025-07-01,16,19.27,16.51
SHELBY_2_HYBRD,2025-07-01,17,80.55,85.76
SHELBY_2_HYBRD,2025-07-01,18,63.81,52.14
SHELBY_2_HYBRD,2025-07-01,19,85.88,71.2
SHELBY_2_HYBRD,2025-07-01,20,92.25,66.71
SHELBY_2_HYBRD,2025-07-01,21,47.35,54.44
SHELBY_2_HYBRD,2025-07-01,22,38.07,52.81
SHELBY_2_HYBRD,2025-07-01,23,54.99,70.21
SHELBY_2_HYBRD,2025-07-01,24,12.91,-6.28
SHELBY_2_HYBRD,2025-07-02,1,18.75,19.14
SHELBY_2_HYBRD,2025-07-02,2,30.18,19.29
SHELBY_2_HYBRD,2025-07-02,3,26.87,15.54
SHELBY_2_HYBRD,2025-07-02,4,18.88,-2.22
SHELBY_2_HYBRD,2025-07-02,5,15.77,-4.51
SHELBY_2_HYBRD,2025-07-02,6,15.24,31.04
SHELBY_2_HYBRD,2025-07-02,7,30.76,70.25
SHELBY_2_HYBRD,2025-07-02,8,52.4,55.17
SHELBY_2_HYBRD,2025-07-02,9,32.12,42.62
SHELBY_2_HYBRD,2025-07-02,10,36.37,38.2
SHELBY_2_HYBRD,2025-07-02,11,79.0,77.56
SHELBY_2_HYBRD,2025-07-02,12,43.73,33.18
SHELBY_2_HYBRD,2025-07-02,13,14.13,40.69
SHELBY_2_HYBRD,2025-07-02,14,-0.67,26.52
SHELBY_2_HYBRD,2025-07-02,15,32.69,24.25
SHELBY_2_HYBRD,2025-07-02,16,30.81,45.4
SHELBY_2_HYBRD,2025-07-02,17,98.65,75.1
SHELBY_2_HYBRD,2025-07-02,18,58.19,54.48
SHELBY_2_HYBRD,2025-07-02,19,77.77,87.08
SHELBY_2_HYBRD,2025-07-02,20,85.33,65.3
SHELBY_2_HYBRD,2025-07-02,21,39.56,48.72
SHELBY_2_HYBRD,2025-07-02,22,41.72,57.93
SHELBY_2_HYBRD,2025-07-02,23,45.01,51.9
SHELBY_2_HYBRD,2025-07-02,24,34.16,9.25
SHELBY_2_HYBRD,2025-07-03,1,29.3,32.42
SHELBY_2_HYBRD,2025-07-03,2,27.72,8.57
SHELBY_2_HYBRD,2025-07-03,3,14.19,29.99
SHELBY_2_HYBRD,2025-07-03,4,24.6,34.82
SHELBY_2_HYBRD,2025-07-03,5,25.28,25.73
SHELBY_2_HYBRD,2025-07-03,6,34.38,26.64
SHELBY_2_HYBRD,2025-07-03,7,46.44,39.51
SHELBY_2_HYBRD,2025-07-03,8,38.48,33.84
SHELBY_2_HYBRD,2025-07-03,9,48.33,41.15
SHELBY_2_HYBRD,2025-07-03,10,63.84,50.42
SHELBY_2_HYBRD,2025-07-03,11,-48.79,-27.09
SHELBY_2_HYBRD,2025-07-03,12,-19.36,-41.64
SHELBY_2_HYBRD,2025-07-03,13,-22.21,-20.98
SHELBY_2_HYBRD,2025-07-03,14,-50.35,-29.21
SHELBY_2_HYBRD,2025-07-03,15,-47.26,-53.94
SHELBY_2_HYBRD,2025-07-03,16,51.33,75.02
SHELBY_2_HYBRD,2025-07-03,17,64.31,58.01
SHELBY_2_HYBRD,2025-07-03,18,71.55,51.38
SHELBY_2_HYBRD,2025-07-03,19,52.44,37.38
SHELBY_2_HYBRD,2025-07-03,20,56.97,56.45
SHELBY_2_HYBRD,2025-07-03,21,37.81,61.07
SHELBY_2_HYBRD,2025-07-03,22,23.02,37.78
SHELBY_2_HYBRD,2025-07-03,23,32.43,31.69
SHELBY_2_HYBRD,2025-07-03,24,43.1,26.26
SHELBY_2_HYBRD,2025-07-04,1,28.82,31.32
SHELBY_2_HYBRD,2025-07-04,2,29.92,34.26
SHELBY_2_HYBRD,2025-07-04,3,49.55,39.98
SHELBY_2_HYBRD,2025-07-04,4,19.69,10.34
SHELBY_2_HYBRD,2025-07-04,5,19.45,9.89
SHELBY_2_HYBRD,2025-07-04,6,36.89,58.2
SHELBY_2_HYBRD,2025-07-04,7,36.44,23.95
SHELBY_2_HYBRD,2025-07-04,8,52.07,43.79
SHELBY_2_HYBRD,2025-07-04,9,54.49,57.53
SHELBY_2_HYBRD,2025-07-04,10,22.26,45.47
SHELBY_2_HYBRD,2025-07-04,11,59.9,50.71
SHELBY_2_HYBRD,2025-07-04,12,5.31,9.6
SHELBY_2_HYBRD,2025-07-04,13,23.36,33.24
SHELBY_2_HYBRD,2025-07-04,14,65.26,62.61
SHELBY_2_HYBRD,2025-07-04,15,-4.96,-25.65
SHELBY_2_HYBRD,2025-07-04,16,-3.27,-3.77
SHELBY_2_HYBRD,2025-07-04,17,133.84,126.08
SHELBY_2_HYBRD,2025-07-04,18,86.71,86.46
SHELBY_2_HYBRD,2025-07-04,19,115.65,153.55
SHELBY_2_HYBRD,2025-07-04,20,64.07,56.73
SHELBY_2_HYBRD,2025-07-04,21,47.53,57.76
SHELBY_2_HYBRD,2025-07-04,22,57.16,65.92
SHELBY_2_HYBRD,2025-07-04,23,30.69,39.55
SHELBY_2_HYBRD,2025-07-04,24,48.3,60.61
SHELBY_2_HYBRD,2025-07-05,1,21.05,37.05
SHELBY_2_HYBRD,2025-07-05,2,25.69,46.42
SHELBY_2_HYBRD,2025-07-05,3,22.04,19.53
SHELBY_2_HYBRD,2025-07-05,4,18.53,36.63
SHELBY_2_HYBRD,2025-07-05,5,11.78,17.31
SHELBY_2_HYBRD,2025-07-05,6,14.75,15.18
SHELBY_2_HYBRD,2025-07-05,7,44.92,47.79
SHELBY_2_HYBRD,2025-07-05,8,31.99,11.59
SHELBY_2_HYBRD,2025-07-05,9,39.34,49.02
SHELBY_2_HYBRD,2025-07-05,10,54.21,49.59
SHELBY_2_HYBRD,2025-07-05,11,14.34,18.08
SHELBY_2_HYBRD,2025-07-05,12,38.11,36.68
SHELBY_2_HYBRD,2025-07-05,13,15.38,24.5
SHELBY_2_HYBRD,2025-07-05,14,13.77,7.07
SHELBY_2_HYBRD,2025-07-05,15,13.9,30.0
SHELBY_2_HYBRD,2025-07-05,16,-7.46,-5.47
SHELBY_2_HYBRD,2025-07-05,17,41.3,59.23
SHELBY_2_HYBRD,2025-07-05,18,24.01,15.63
SHELBY_2_HYBRD,2025-07-05,19,428.28,427.29
SHELBY_2_HYBRD,2025-07-05,20,44.34,72.56
SHELBY_2_HYBRD,2025-07-05,21,12.34,-20.64
SHELBY_2_HYBRD,2025-07-05,22,28.2,20.67
SHELBY_2_HYBRD,2025-07-05,23,15.92,26.55
SHELBY_2_HYBRD,2025-07-05,24,26.55,18.09
SHELBY_2_HYBRD,2025-07-06,1,8.54,21.63
SHELBY_2_HYBRD,2025-07-06,2,22.05,20.56
SHELBY_2_HYBRD,2025-07-06,3,30.43,14.38
SHELBY_2_HYBRD,2025-07-06,4,6.82,-3.56
SHELBY_2_HYBRD,2025-07-06,5,17.18,20.83
SHELBY_2_HYBRD,2025-07-06,6,15.81,21.09
SHELBY_2_HYBRD,2025-07-06,7,18.36,40.02
SHELBY_2_HYBRD,2025-07-06,8,30.64,47.4
SHELBY_2_HYBRD,2025-07-06,9,35.1,41.95
SHELBY_2_HYBRD,2025-07-06,10,37.48,44.2
SHELBY_2_HYBRD,2025-07-06,11,-13.42,-10.47
SHELBY_2_HYBRD,2025-07-06,12,-41.79,-20.19
SHELBY_2_HYBRD,2025-07-06,13,-3.98,-4.58
SHELBY_2_HYBRD,2025-07-06,14,-37.44,-47.66
SHELBY_2_HYBRD,2025-07-06,15,-53.05,-59.74
SHELBY_2_HYBRD,2025-07-06,16,-22.57,-29.35
SHELBY_2_HYBRD,2025-07-06,17,5.1,-18.66
SHELBY_2_HYBRD,2025-07-06,18,71.97,83.76
SHELBY_2_HYBRD,2025-07-06,19,64.93,50.43
SHELBY_2_HYBRD,2025-07-06,20,55.0,54.95
SHELBY_2_HYBRD,2025-07-06,21,14.77,37.32
SHELBY_2_HYBRD,2025-07-06,22,31.87,28.56
SHELBY_2_HYBRD,2025-07-06,23,24.73,27.86
SHELBY_2_HYBRD,2025-07-06,24,7.35,3.64
SHELBY_2_HYBRD,2025-07-07,1,18.18,3.16
SHELBY_2_HYBRD,2025-07-07,2,22.19,49.16
SHELBY_2_HYBRD,2025-07-07,3,31.41,22.84
SHELBY_2_HYBRD,2025-07-07,4,30.73,51.72
SHELBY_2_HYBRD,2025-07-07,5,34.25,35.14
SHELBY_2_HYBRD,2025-07-07,6,18.53,29.0
SHELBY_2_HYBRD,2025-07-07,7,50.9,64.33
SHELBY_2_HYBRD,2025-07-07,8,54.53,70.27
SHELBY_2_HYBRD,2025-07-07,9,36.97,56.73
SHELBY_2_HYBRD,2025-07-07,10,47.96,79.09
SHELBY_2_HYBRD,2025-07-07,11,-2.23,23.81
SHELBY_2_HYBRD,2025-07-07,12,19.95,10.18
SHELBY_2_HYBRD,2025-07-07,13,2.9,-1.91
SHELBY_2_HYBRD,2025-07-07,14,25.6,33.44
SHELBY_2_HYBRD,2025-07-07,15,0.66,0.29
SHELBY_2_HYBRD,2025-07-07,16,68.56,94.47
SHELBY_2_HYBRD,2025-07-07,17,93.09,93.66
SHELBY_2_HYBRD,2025-07-07,18,83.6,92.8
SHELBY_2_HYBRD,2025-07-07,19,49.32,45.46
SHELBY_2_HYBRD,2025-07-07,20,29.94,35.93
SHELBY_2_HYBRD,2025-07-07,21,42.77,35.52
SHELBY_2_HYBRD,2025-07-07,22,53.89,35.5
SHELBY_2_HYBRD,2025-07-07,23,17.43,20.8
SHELBY_2_HYBRD,2025-07-07,24,47.57,72.83
KRUSTY_1_HYBRD,2025-07-01,1,20.41,36.59
KRUSTY_1_HYBRD,2025-07-01,2,24.61,22.02
KRUSTY_1_HYBRD,2025-07-01,3,33.84,43.62
KRUSTY_1_HYBRD,2025-07-01,4,9.24,31.39
KRUSTY_1_HYBRD,2025-07-01,5,38.8,29.42
KRUSTY_1_HYBRD,2025-07-01,6,28.96,36.37
KRUSTY_1_HYBRD,2025-07-01,7,48.91,40.66
KRUSTY_1_HYBRD,2025-07-01,8,34.93,34.55
KRUSTY_1_HYBRD,2025-07-01,9,62.59,70.74
KRUSTY_1_HYBRD,2025-07-01,10,39.44,51.02
KRUSTY_1_HYBRD,2025-07-01,11,-56.21,-38.98
KRUSTY_1_HYBRD,2025-07-01,12,-28.49,-33.93
KRUSTY_1_HYBRD,2025-07-01,13,-12.99,-32.41
KRUSTY_1_HYBRD,2025-07-01,14,44.02,37.0
KRUSTY_1_HYBRD,2025-07-01,15,23.66,22.96
KRUSTY_1_HYBRD,2025-07-01,16,26.93,28.08
KRUSTY_1_HYBRD,2025-07-01,17,41.51,56.45
KRUSTY_1_HYBRD,2025-07-01,18,65.19,41.84
KRUSTY_1_HYBRD,2025-07-01,19,67.16,89.67
KRUSTY_1_HYBRD,2025-07-01,20,105.51,100.28
KRUSTY_1_HYBRD,2025-07-01,21,30.81,25.99
KRUSTY_1_HYBRD,2025-07-01,22,59.92,65.65
KRUSTY_1_HYBRD,2025-07-01,23,40.16,55.61
KRUSTY_1_HYBRD,2025-07-01,24,37.87,33.98
KRUSTY_1_HYBRD,2025-07-02,1,23.04,21.97
KRUSTY_1_HYBRD,2025-07-02,2,24.63,35.54
KRUSTY_1_HYBRD,2025-07-02,3,25.52,36.51
KRUSTY_1_HYBRD,2025-07-02,4,24.19,25.37
KRUSTY_1_HYBRD,2025-07-02,5,5.02,18.76
KRUSTY_1_HYBRD,2025-07-02,6,28.46,43.43
KRUSTY_1_HYBRD,2025-07-02,7,1.56,32.89
KRUSTY_1_HYBRD,2025-07-02,8,42.91,59.53
KRUSTY_1_HYBRD,2025-07-02,9,29.4,38.59
KRUSTY_1_HYBRD,2025-07-02,10,29.2,19.84
KRUSTY_1_HYBRD,2025-07-02,11,62.85,59.99
KRUSTY_1_HYBRD,2025-07-02,12,20.44,33.49
KRUSTY_1_HYBRD,2025-07-02,13,27.39,29.65
KRUSTY_1_HYBRD,2025-07-02,14,24.12,60.17
KRUSTY_1_HYBRD,2025-07-02,15,13.56,16.58
KRUSTY_1_HYBRD,2025-07-02,16,41.27,57.85
KRUSTY_1_HYBRD,2025-07-02,17,115.61,125.19
KRUSTY_1_HYBRD,2025-07-02,18,45.71,70.21
KRUSTY_1_HYBRD,2025-07-02,19,45.61,50.15
KRUSTY_1_HYBRD,2025-07-02,20,57.37,56.41
KRUSTY_1_HYBRD,2025-07-02,21,38.95,43.77
KRUSTY_1_HYBRD,2025-07-02,22,40.06,64.27
KRUSTY_1_HYBRD,2025-07-02,23,40.44,36.78
KRUSTY_1_HYBRD,2025-07-02,24,46.57,64.41
KRUSTY_1_HYBRD,2025-07-03,1,12.72,21.68
KRUSTY_1_HYBRD,2025-07-03,2,32.01,27.55
KRUSTY_1_HYBRD,2025-07-03,3,38.76,36.51
KRUSTY_1_HYBRD,2025-07-03,4,26.26,23.66
KRUSTY_1_HYBRD,2025-07-03,5,25.16,8.72
KRUSTY_1_HYBRD,2025-07-03,6,10.6,34.52
KRUSTY_1_HYBRD,2025-07-03,7,32.3,17.43
KRUSTY_1_HYBRD,2025-07-03,8,12.7,3.12
KRUSTY_1_HYBRD,2025-07-03,9,25.15,49.78
KRUSTY_1_HYBRD,2025-07-03,10,60.15,49.83
KRUSTY_1_HYBRD,2025-07-03,11,-20.36,-25.23
KRUSTY_1_HYBRD,2025-07-03,12,5.82,-15.02
KRUSTY_1_HYBRD,2025-07-03,13,-19.55,17.05
KRUSTY_1_HYBRD,2025-07-03,14,-28.72,-19.8
KRUSTY_1_HYBRD,2025-07-03,15,-24.82,-20.6
KRUSTY_1_HYBRD,2025-07-03,16,17.61,16.67
KRUSTY_1_HYBRD,2025-07-03,17,57.38,53.17
KRUSTY_1_HYBRD,2025-07-03,18,29.21,27.73
KRUSTY_1_HYBRD,2025-07-03,19,50.34,33.79
KRUSTY_1_HYBRD,2025-07-03,20,85.4,106.28
KRUSTY_1_HYBRD,2025-07-03,21,46.02,22.46
KRUSTY_1_HYBRD,2025-07-03,22,23.12,37.23
KRUSTY_1_HYBRD,2025-07-03,23,23.21,19.84
KRUSTY_1_HYBRD,2025-07-03,24,41.6,27.07
KRUSTY_1_HYBRD,2025-07-04,1,26.05,6.04
KRUSTY_1_HYBRD,2025-07-04,2,18.99,23.79
KRUSTY_1_HYBRD,2025-07-04,3,9.07,15.68
KRUSTY_1_HYBRD,2025-07-04,4,24.8,33.09
KRUSTY_1_HYBRD,2025-07-04,5,27.24,47.7
KRUSTY_1_HYBRD,2025-07-04,6,26.25,19.81
KRUSTY_1_HYBRD,2025-07-04,7,46.83,54.98
KRUSTY_1_HYBRD,2025-07-04,8,45.73,46.34
KRUSTY_1_HYBRD,2025-07-04,9,34.47,24.53
KRUSTY_1_HYBRD,2025-07-04,10,23.96,50.2
KRUSTY_1_HYBRD,2025-07-04,11,-16.1,-26.49
KRUSTY_1_HYBRD,2025-07-04,12,-2.96,10.46
KRUSTY_1_HYBRD,2025-07-04,13,7.63,26.35
KRUSTY_1_HYBRD,2025-07-04,14,-1.84,2.34
KRUSTY_1_HYBRD,2025-07-04,15,-5.88,26.3
KRUSTY_1_HYBRD,2025-07-04,16,-14.69,-10.04
KRUSTY_1_HYBRD,2025-07-04,17,99.01,105.22
KRUSTY_1_HYBRD,2025-07-04,18,74.44,72.49
KRUSTY_1_HYBRD,2025-07-04,19,81.31,79.1
KRUSTY_1_HYBRD,2025-07-04,20,108.92,142.08
KRUSTY_1_HYBRD,2025-07-04,21,28.31,7.76
KRUSTY_1_HYBRD,2025-07-04,22,33.94,72.64
KRUSTY_1_HYBRD,2025-07-04,23,25.36,49.95
KRUSTY_1_HYBRD,2025-07-04,24,55.13,46.83
KRUSTY_1_HYBRD,2025-07-05,1,21.48,45.91
KRUSTY_1_HYBRD,2025-07-05,2,14.85,11.8
KRUSTY_1_HYBRD,2025-07-05,3,13.43,-1.79
KRUSTY_1_HYBRD,2025-07-05,4,12.96,-5.4
KRUSTY_1_HYBRD,2025-07-05,5,17.74,6.19
KRUSTY_1_HYBRD,2025-07-05,6,19.14,-4.2
KRUSTY_1_HYBRD,2025-07-05,7,34.97,47.47
KRUSTY_1_HYBRD,2025-07-05,8,10.57,16.18
KRUSTY_1_HYBRD,2025-07-05,9,44.39,26.25
KRUSTY_1_HYBRD,2025-07-05,10,49.06,55.35
KRUSTY_1_HYBRD,2025-07-05,11,-1.84,-2.68
KRUSTY_1_HYBRD,2025-07-05,12,20.27,21.41
KRUSTY_1_HYBRD,2025-07-05,13,19.93,6.12
KRUSTY_1_HYBRD,2025-07-05,14,13.46,-7.75
KRUSTY_1_HYBRD,2025-07-05,15,8.55,-5.01
KRUSTY_1_HYBRD,2025-07-05,16,-2.37,16.17
KRUSTY_1_HYBRD,2025-07-05,17,78.92,88.06
KRUSTY_1_HYBRD,2025-07-05,18,33.06,28.31
KRUSTY_1_HYBRD,2025-07-05,19,357.09,391.88
KRUSTY_1_HYBRD,2025-07-05,20,64.26,67.14
KRUSTY_1_HYBRD,2025-07-05,21,21.9,23.9
KRUSTY_1_HYBRD,2025-07-05,22,23.22,33.84
KRUSTY_1_HYBRD,2025-07-05,23,32.54,20.75
KRUSTY_1_HYBRD,2025-07-05,24,13.32,-14.22
KRUSTY_1_HYBRD,2025-07-06,1,21.06,4.51
KRUSTY_1_HYBRD,2025-07-06,2,2.43,8.26
KRUSTY_1_HYBRD,2025-07-06,3,34.95,34.86
KRUSTY_1_HYBRD,2025-07-06,4,23.37,24.6
KRUSTY_1_HYBRD,2025-07-06,5,16.81,30.6
KRUSTY_1_HYBRD,2025-07-06,6,15.47,19.48
KRUSTY_1_HYBRD,2025-07-06,7,34.88,24.86
KRUSTY_1_HYBRD,2025-07-06,8,41.92,39.3
KRUSTY_1_HYBRD,2025-07-06,9,23.56,31.61
KRUSTY_1_HYBRD,2025-07-06,10,22.07,22.49
KRUSTY_1_HYBRD,2025-07-06,11,-18.28,-11.16
KRUSTY_1_HYBRD,2025-07-06,12,-23.64,-2.79
KRUSTY_1_HYBRD,2025-07-06,13,-39.79,-59.47
KRUSTY_1_HYBRD,2025-07-06,14,-46.1,-55.24
KRUSTY_1_HYBRD,2025-07-06,15,-38.87,-30.92
KRUSTY_1_HYBRD,2025-07-06,16,9.27,16.57
KRUSTY_1_HYBRD,2025-07-06,17,57.35,27.72
KRUSTY_1_HYBRD,2025-07-06,18,36.27,34.11
KRUSTY_1_HYBRD,2025-07-06,19,30.6,39.6
KRUSTY_1_HYBRD,2025-07-06,20,88.15,106.43
KRUSTY_1_HYBRD,2025-07-06,21,22.71,45.07
KRUSTY_1_HYBRD,2025-07-06,22,25.75,20.69
KRUSTY_1_HYBRD,2025-07-06,23,19.35,14.81
KRUSTY_1_HYBRD,2025-07-06,24,21.24,23.8
KRUSTY_1_HYBRD,2025-07-07,1,26.61,26.66
KRUSTY_1_HYBRD,2025-07-07,2,29.37,47.23
KRUSTY_1_HYBRD,2025-07-07,3,34.5,12.23
KRUSTY_1_HYBRD,2025-07-07,4,-0.54,13.47
KRUSTY_1_HYBRD,2025-07-07,5,11.33,7.96
KRUSTY_1_HYBRD,2025-07-07,6,13.3,-13.73
KRUSTY_1_HYBRD,2025-07-07,7,53.12,64.51
KRUSTY_1_HYBRD,2025-07-07,8,36.35,-2.52
KRUSTY_1_HYBRD,2025-07-07,9,36.81,42.69
KRUSTY_1_HYBRD,2025-07-07,10,22.82,25.57
KRUSTY_1_HYBRD,2025-07-07,11,14.62,23.31
KRUSTY_1_HYBRD,2025-07-07,12,17.99,3.39
KRUSTY_1_HYBRD,2025-07-07,13,44.91,42.53
KRUSTY_1_HYBRD,2025-07-07,14,14.32,0.32
KRUSTY_1_HYBRD,2025-07-07,15,3.92,-9.35
KRUSTY_1_HYBRD,2025-07-07,16,10.68,36.36
KRUSTY_1_HYBRD,2025-07-07,17,38.84,14.64
KRUSTY_1_HYBRD,2025-07-07,18,124.14,121.0
KRUSTY_1_HYBRD,2025-07-07,19,59.93,75.53
KRUSTY_1_HYBRD,2025-07-07,20,61.83,89.22
KRUSTY_1_HYBRD,2025-07-07,21,43.14,35.82
KRUSTY_1_HYBRD,2025-07-07,22,60.89,51.8
KRUSTY_1_HYBRD,2025-07-07,23,43.91,48.4
KRUSTY_1_HYBRD,2025-07-07,24,50.62,74.04
